{
  "PATCH posts" : {
    "transaction" : "PATCH posts",
    "sampleCount" : 7000,
    "errorCount" : 2,
    "errorPct" : 0.028571429,
    "meanResTime" : 1010.8185714285746,
    "medianResTime" : 1052.0,
    "minResTime" : 133.0,
    "maxResTime" : 3405.0,
    "pct1ResTime" : 1293.9000000000005,
    "pct2ResTime" : 1376.0,
    "pct3ResTime" : 2046.9299999999985,
    "throughput" : 343.84517143137833,
    "receivedKBytesPerSec" : 503.9080728399155,
    "sentKBytesPerSec" : 75.55191755083996
  },
  "DELETE posts" : {
    "transaction" : "DELETE posts",
    "sampleCount" : 7000,
    "errorCount" : 0,
    "errorPct" : 0.0,
    "meanResTime" : 416.5228571428566,
    "medianResTime" : 418.0,
    "minResTime" : 132.0,
    "maxResTime" : 1893.0,
    "pct1ResTime" : 514.0,
    "pct2ResTime" : 582.0,
    "pct3ResTime" : 949.9699999999993,
    "throughput" : 344.1156228492774,
    "receivedKBytesPerSec" : 405.56076060306265,
    "sentKBytesPerSec" : 75.94739332415692
  },
  "Total" : {
    "transaction" : "Total",
    "sampleCount" : 35000,
    "errorCount" : 6816,
    "errorPct" : 19.474285,
    "meanResTime" : 620.7285142857218,
    "medianResTime" : 392.0,
    "minResTime" : 20.0,
    "maxResTime" : 7638.0,
    "pct1ResTime" : 1050.0,
    "pct2ResTime" : 1132.0,
    "pct3ResTime" : 1820.9700000000048,
    "throughput" : 1405.283867341203,
    "receivedKBytesPerSec" : 2947.0386779290134,
    "sentKBytesPerSec" : 284.3504075323215
  },
  "PUT posts" : {
    "transaction" : "PUT posts",
    "sampleCount" : 7000,
    "errorCount" : 6814,
    "errorPct" : 97.34286,
    "meanResTime" : 320.49157142857075,
    "medianResTime" : 298.0,
    "minResTime" : 20.0,
    "maxResTime" : 2712.0,
    "pct1ResTime" : 409.0,
    "pct2ResTime" : 501.0,
    "pct3ResTime" : 2073.99,
    "throughput" : 340.5166123461595,
    "receivedKBytesPerSec" : 1717.6981894093253,
    "sentKBytesPerSec" : 74.15547319647808
  },
  "GET posts 1" : {
    "transaction" : "GET posts 1",
    "sampleCount" : 7000,
    "errorCount" : 0,
    "errorPct" : 0.0,
    "meanResTime" : 922.1425714285749,
    "medianResTime" : 315.0,
    "minResTime" : 24.0,
    "maxResTime" : 7638.0,
    "pct1ResTime" : 3777.9000000000005,
    "pct2ResTime" : 5131.0,
    "pct3ResTime" : 6705.99,
    "throughput" : 291.44808060621205,
    "receivedKBytesPerSec" : 431.19532095719876,
    "sentKBytesPerSec" : 39.84641727038055
  },
  "POST posts" : {
    "transaction" : "POST posts",
    "sampleCount" : 7000,
    "errorCount" : 0,
    "errorPct" : 0.0,
    "meanResTime" : 433.66700000000066,
    "medianResTime" : 426.0,
    "minResTime" : 132.0,
    "maxResTime" : 1913.0,
    "pct1ResTime" : 559.0,
    "pct2ResTime" : 689.0,
    "pct3ResTime" : 981.9899999999998,
    "throughput" : 345.4231433506045,
    "receivedKBytesPerSec" : 455.13431408832963,
    "sentKBytesPerSec" : 74.88665803108807
  }
}