{
  "PATCH posts" : {
    "transaction" : "PATCH posts",
    "sampleCount" : 600,
    "errorCount" : 0,
    "errorPct" : 0.0,
    "meanResTime" : 153.2216666666666,
    "medianResTime" : 139.0,
    "minResTime" : 130.0,
    "maxResTime" : 394.0,
    "pct1ResTime" : 221.0,
    "pct2ResTime" : 242.94999999999993,
    "pct3ResTime" : 338.99,
    "throughput" : 64.12311638345624,
    "receivedKBytesPerSec" : 93.50619856791707,
    "sentKBytesPerSec" : 14.089551939724272
  },
  "DELETE posts" : {
    "transaction" : "DELETE posts",
    "sampleCount" : 600,
    "errorCount" : 0,
    "errorPct" : 0.0,
    "meanResTime" : 151.54666666666662,
    "medianResTime" : 138.0,
    "minResTime" : 129.0,
    "maxResTime" : 392.0,
    "pct1ResTime" : 177.0,
    "pct2ResTime" : 229.74999999999966,
    "pct3ResTime" : 319.98,
    "throughput" : 64.13682522715125,
    "receivedKBytesPerSec" : 75.11764681320149,
    "sentKBytesPerSec" : 14.155197755211116
  },
  "Total" : {
    "transaction" : "Total",
    "sampleCount" : 3000,
    "errorCount" : 0,
    "errorPct" : 0.0,
    "meanResTime" : 148.7449999999996,
    "medianResTime" : 137.0,
    "minResTime" : 19.0,
    "maxResTime" : 1519.0,
    "pct1ResTime" : 221.9000000000001,
    "pct2ResTime" : 251.0,
    "pct3ResTime" : 534.9799999999996,
    "throughput" : 256.60764690787784,
    "receivedKBytesPerSec" : 338.7728808485159,
    "sentKBytesPerSec" : 51.922953554015905
  },
  "PUT posts" : {
    "transaction" : "PUT posts",
    "sampleCount" : 600,
    "errorCount" : 0,
    "errorPct" : 0.0,
    "meanResTime" : 174.00333333333333,
    "medianResTime" : 142.0,
    "minResTime" : 130.0,
    "maxResTime" : 536.0,
    "pct1ResTime" : 249.0,
    "pct2ResTime" : 422.94999999999993,
    "pct3ResTime" : 431.0,
    "throughput" : 61.48170919151552,
    "receivedKBytesPerSec" : 72.7160305551286,
    "sentKBytesPerSec" : 13.389083154011681
  },
  "GET posts 1" : {
    "transaction" : "GET posts 1",
    "sampleCount" : 600,
    "errorCount" : 0,
    "errorPct" : 0.0,
    "meanResTime" : 109.24499999999988,
    "medianResTime" : 29.5,
    "minResTime" : 19.0,
    "maxResTime" : 1519.0,
    "pct1ResTime" : 187.19999999999982,
    "pct2ResTime" : 387.0499999999987,
    "pct3ResTime" : 1408.5200000000004,
    "throughput" : 53.7971846140052,
    "receivedKBytesPerSec" : 79.59260190643772,
    "sentKBytesPerSec" : 7.355083833946023
  },
  "POST posts" : {
    "transaction" : "POST posts",
    "sampleCount" : 600,
    "errorCount" : 0,
    "errorPct" : 0.0,
    "meanResTime" : 155.7083333333334,
    "medianResTime" : 139.0,
    "minResTime" : 130.0,
    "maxResTime" : 430.0,
    "pct1ResTime" : 216.89999999999998,
    "pct2ResTime" : 250.0,
    "pct3ResTime" : 359.0,
    "throughput" : 61.46281499692686,
    "receivedKBytesPerSec" : 80.47517238398893,
    "sentKBytesPerSec" : 13.324946220036876
  }
}